title,price,description
Нет заголовка,Цена не указана,Договорная
Нет заголовка,Цена не указана,1 KGS
Нет заголовка,Цена не указана,Договорная
Нет заголовка,Цена не указана,Договорная
Нет заголовка,Цена не указана,5 000 KGS
Нет заголовка,Цена не указана,2 000 KGS
Нет заголовка,Цена не указана,30 000 KGS
Нет заголовка,Цена не указана,17 000 KGS
Нет заголовка,Цена не указана,162 000 KGS
Нет заголовка,Цена не указана,14 000 KGS
Нет заголовка,Цена не указана,30 000 KGS
Нет заголовка,Цена не указана,Договорная
Нет заголовка,Цена не указана,80 000 KGS
Нет заголовка,Цена не указана,45 000 KGS
Нет заголовка,Цена не указана,Договорная
Нет заголовка,Цена не указана,300 KGS
Нет заголовка,Цена не указана,Договорная
Нет заголовка,Цена не указана,Договорная
Нет заголовка,Цена не указана,300 KGS
Нет заголовка,Цена не указана,Договорная
Нет заголовка,Цена не указана,Договорная
Нет заголовка,Цена не указана,300 KGS
Нет заголовка,Цена не указана,Договорная
Нет заголовка,Цена не указана,Договорная
Нет заголовка,Цена не указана,Договорная
2 000 KGS,Цена не указана,1 000 KGS
Нет заголовка,Цена не указана,Договорная
Нет заголовка,Цена не указана,Договорная
Нет заголовка,Цена не указана,Договорная
Нет заголовка,Цена не указана,Договорная
Нет заголовка,Цена не указана,Договорная
Нет заголовка,Цена не указана,Договорная
Нет заголовка,Цена не указана,280 KGS
Нет заголовка,Цена не указана,Договорная
Нет заголовка,Цена не указана,Договорная
Нет заголовка,Цена не указана,Договорная
Нет заголовка,Цена не указана,Договорная
Нет заголовка,Цена не указана,Договорная
Нет заголовка,Цена не указана,Договорная
Нет заголовка,Цена не указана,Договорная
Нет заголовка,Цена не указана,Договорная
Нет заголовка,Цена не указана,Договорная
Нет заголовка,Цена не указана,Договорная
Нет заголовка,Цена не указана,Договорная
Нет заголовка,Цена не указана,Договорная
Нет заголовка,Цена не указана,Договорная
Нет заголовка,Цена не указана,Договорная
Нет заголовка,Цена не указана,Договорная
Нет заголовка,Цена не указана,21 000 KGS
Нет заголовка,Цена не указана,180 KGS
Нет заголовка,Цена не указана,1 500 KGS
6 000 KGS,Цена не указана,4 500 KGS
Нет заголовка,Цена не указана,Договорная
Нет заголовка,Цена не указана,Договорная
Нет заголовка,Цена не указана,Договорная
Нет заголовка,Цена не указана,500 KGS
Нет заголовка,Цена не указана,Договорная
Нет заголовка,Цена не указана,17 000 KGS
Нет заголовка,Цена не указана,330 000 KGS
Нет заголовка,Цена не указана,Договорная
Нет заголовка,Цена не указана,1 KGS
Нет заголовка,Цена не указана,10 000 KGS
Нет заголовка,Цена не указана,Договорная
Нет заголовка,Цена не указана,25 000 KGS
Нет заголовка,Цена не указана,Договорная
Нет заголовка,Цена не указана,Договорная
Нет заголовка,Цена не указана,330 KGS
Нет заголовка,Цена не указана,Договорная
Нет заголовка,Цена не указана,300 KGS
Нет заголовка,Цена не указана,Договорная
Нет заголовка,Цена не указана,Договорная
Нет заголовка,Цена не указана,Договорная
